<?xml version="1.0" encoding="UTF-8"?>
<Configuration status="WARN">
    <Appenders>
        <Routing name="Routing">
            <Routes pattern="${ctx:ACCOUNT}">
                <Route>
                    <RollingFile name="account_logging" fileName="data/${ctx:ACCOUNT}/${ctx:ACCOUNT}-${date:yyyy-MM}.log" filePattern="data/${ctx:ACCOUNT}/${ctx:ACCOUNT}-${date:yyyy-MM}-%i.log">
                        <PatternLayout pattern="%d{yyyy-MM-dd HH:mm:ss.SSS} %msg%n"/>
                        <Policies>
                            <!-- <TimeBasedTriggeringPolicy interval="1" modulate="true" /> -->
                            <CronTriggeringPolicy schedule="0 0 0 1 * ?"/>
                            <SizeBasedTriggeringPolicy size="50 MB" />    
                        </Policies>
                        <DefaultRolloverStrategy max="12"/>
                    </RollingFile>
                </Route>
                <Route key="${ctx:ACCOUNT}">
                    <RollingFile name="error_logging" fileName="logs/Error-${date:yyyy-MM-dd}.log" filePattern="/logs/Error-%d{yyyy-MM-dd}-%i.log">
                        <PatternLayout pattern="%d{yyyy MMM dd   HH:mm:ss,SSS} [%t] %-5level %logger{36} - %msg%n"/>
                        <Policies>
                            <TimeBasedTriggeringPolicy/>
                            <SizeBasedTriggeringPolicy size="10 MB" />
                        </Policies>
                    </RollingFile>
                </Route>
            </Routes>
        </Routing>
    </Appenders>

    <Loggers>
        <Root level="info">
            <AppenderRef ref="Routing"/>
        </Root>
    </Loggers>
</Configuration>